A hospital wants to store patient records and their assigned doctors. If a doctor leaves, all related patient records should be deleted.

Tasks:
Create a Doctors table:

DoctorID (PRIMARY KEY, AUTO_INCREMENT)
DoctorName (NOT NULL)
Specialization (NOT NULL, UNIQUE)
Create a Patients table:

PatientID (PRIMARY KEY, AUTO_INCREMENT)
PatientName (NOT NULL)
DoctorID (FOREIGN KEY)
Insert sample data (at least 3 doctors and 5 patients).

Delete a doctor and check if related patients are removed automatically.

Update a patientâ€™s doctor to a new doctor.
-------------------------------------------------



 use assignment;
Database changed
mysql> create table doctors (doctorid int primary key auto_increment, doctorname varchar(50) not null, specialization varchar(50) not null);
Query OK, 0 rows affected (0.04 sec)

mysql> insert into doctors (doctorname, specialization ) values ( "missgarimajain", "cardiology");
Query OK, 1 row affected (0.01 sec)

mysql> insert into doctors (doctorname, specialization ) values ( "missyashashvijain", "neurology");
Query OK, 1 row affected (0.01 sec)

mysql> insert into doctors (doctorname, specialization ) values ( "mrxyz", "xyz");
Query OK, 1 row affected (0.00 sec)
 create table patient (patientid int primary key auto_increment, patientname varchar(50) not null, doctorid int, f
oreign key(doctorid) references doctors (doctorid));
Query OK, 0 rows affected (0.05 sec)

mysql> insert into patient ( patientname, doctorid ) values ("anishka", 1);
Query OK, 1 row affected (0.01 sec)

mysql> insert into patient ( patientname, doctorid ) values ("anjali", 1);
Query OK, 1 row affected (0.01 sec)

mysql> insert into patient ( patientname, doctorid ) values ("aman", 2);
Query OK, 1 row affected (0.01 sec)

mysql> insert into patient ( patientname, doctorid ) values ("anant", 2);
Query OK, 1 row affected (0.01 sec)

mysql> insert into patient ( patientname, doctorid ) values ("shubham", 3);
Query OK, 1 row affected (0.01 sec)
 show create table patient;
+---------+-----------------------------------------------------------------------------------------------------------------------------------------------------------------------------------------------------------------------------------------------------------------------------------------------------------------------------------------------------------------------------------+
| Table   | Create Table                                                                                                                                    
                                                                      |
+---------+-----------------------------------------------------------------------------------------------------------------------------------------------------------------------------------------------------------------------------------------------------------------------------------------------------------------------------------------------------------------------------------+
| patient | CREATE TABLE `patient` (
  `patientid` int NOT NULL AUTO_INCREMENT,
  `patientname` varchar(50) NOT NULL,
  `doctorid` int DEFAULT NULL,
  PRIMARY KEY (`patientid`),
  KEY `doctorid` (`doctorid`),
  CONSTRAINT `patient_ibfk_1` FOREIGN KEY (`doctorid`) REFERENCES `doctors` (`doctorid`)
) ENGINE=InnoDB AUTO_INCREMENT=6 DEFAULT CHARSET=utf8mb4 COLLATE=utf8mb4_0900_ai_ci |
+---------+-----------------------------------------------------------------------------------------------------------------------------------------------------------------------------------------------------------------------------------------------------------------------------------------------------------------------------------------------------------------------------------+
1 row in set (0.01 sec)
 alter table patient add foreign key (doctorid) references doctors(doctorid) on delete cascade on update cascade;
Query OK, 5 rows affected (0.12 sec)
Records: 5  Duplicates: 0  Warnings: 0

mysql> select * from doctors;
+----------+-------------------+----------------+
| doctorid | doctorname        | specialization |
+----------+-------------------+----------------+
|        1 | missgarimajain    | cardiology     |
|        2 | missyashashvijain | neurology      |
|        3 | mrxyz             | xyz            |
+----------+-------------------+----------------+
3 rows in set (0.01 sec)

mysql> select * from patient;
+-----------+-------------+----------+
| patientid | patientname | doctorid |
+-----------+-------------+----------+
|         1 | anishka     |        1 |
|         2 | anjali      |        1 |
|         3 | aman        |        2 |
|         4 | anant       |        2 |
|         5 | shubham     |        3 |
+-----------+-------------+----------+
5 rows in set (0.00 sec)

mysql> delete from doctors where doctorid=1;
Query OK, 1 row affected (0.01 sec)

mysql> select * from doctors;
+----------+-------------------+----------------+
| doctorid | doctorname        | specialization |
+----------+-------------------+----------------+
|        2 | missyashashvijain | neurology      |
|        3 | mrxyz             | xyz            |
+----------+-------------------+----------------+
2 rows in set (0.00 sec)

mysql> select * from patient;
+-----------+-------------+----------+
| patientid | patientname | doctorid |
+-----------+-------------+----------+
|         3 | aman        |        2 |
|         4 | anant       |        2 |
|         5 | shubham     |        3 |
+-----------+-------------+----------+
3 rows in set (0.00 sec)

mysql>mysql> update patient set doctorid =2 where doctorid =2;
Query OK, 0 rows affected (0.00 sec)
Rows matched: 2  Changed: 0  Warnings: 0

mysql> select * from patient;
+-----------+-------------+----------+
| patientid | patientname | doctorid |
+-----------+-------------+----------+
|         3 | aman        |        2 |
|         4 | anant       |        2 |
|         5 | shubham     |        3 |
+-----------+-------------+----------+
3 rows in set (0.00 sec)

mysql> update patient set doctorid =3 where doctorid =2;
Query OK, 2 rows affected (0.00 sec)
Rows matched: 2  Changed: 2  Warnings: 0

mysql> select * from patient;
+-----------+-------------+----------+
| patientid | patientname | doctorid |
+-----------+-------------+----------+
|         3 | aman        |        3 |
|         4 | anant       |        3 |
|         5 | shubham     |        3 |
+-----------+-------------+----------+
3 rows in set (0.00 sec)

mysql> update patient set doctorid =2 where patientname ="aman";
Query OK, 1 row affected (0.01 sec)
Rows matched: 1  Changed: 1  Warnings: 0

mysql> select * from patient;
+-----------+-------------+----------+
| patientid | patientname | doctorid |
+-----------+-------------+----------+
|         3 | aman        |        2 |
|         4 | anant       |        3 |
|         5 | shubham     |        3 |
+-----------+-------------+----------+
3 rows in set (0.00 sec)
 select * from doctors;
+----------+-------------------+----------------+
| doctorid | doctorname        | specialization |
+----------+-------------------+----------------+
|        2 | missyashashvijain | neurology      |
|        3 | mrxyz             | xyz            |
+----------+-------------------+----------------+
2 rows in set (0.00 sec)

mysql> select * from patient;
+-----------+-------------+----------+
| patientid | patientname | doctorid |
+-----------+-------------+----------+
|         3 | aman        |        2 |
|         4 | anant       |        3 |
|         5 | shubham     |        3 |
+-----------+-------------+----------+
 select doctorname , patientname from doctors, patient  where doctors.doctorid = patient.doctorid;
+-------------------+-------------+
| doctorname        | patientname |
+-------------------+-------------+
| missyashashvijain | aman        |
| mrxyz             | anant       |
| mrxyz             | shubham     |
+-------------------+-------------+
3 rows in set (0.01 sec)
update  patient set doctorid=2 where patientname ="shubham";
Query OK, 1 row affected (0.01 sec)
Rows matched: 1  Changed: 1  Warnings: 0
mysql> select doctorname , patientname from doctors, patient  where doctors.doctorid = patient.doctorid;
+-------------------+-------------+
| doctorname        | patientname |
+-------------------+-------------+
| missyashashvijain | aman        |
| mrxyz             | anant       |
| missyashashvijain | shubham     |
+-------------------+-------------+
3 rows in set (0.00 sec)
